{
  "accuracy": 0.9678571428571429,
  "attack_precision": 0.9645390070921985,
  "attack_recall": 0.9714285714285714,
  "attack_f1": 0.9679715302491103,
  "benign_precision": 0.9712230215827338,
  "benign_recall": 0.9642857142857143,
  "benign_f1": 0.967741935483871,
  "roc_auc": 0.998061224489796,
  "cv_f1_mean": 0.9814733547322216,
  "cv_f1_std": 0.008296081641457108,
  "train_size": 1120,
  "test_size": 280,
  "confusion_matrix": [
    [
      135,
      5
    ],
    [
      4,
      136
    ]
  ]
}